[
    {
        "model": "books.book",
        "pk": "8939d6b6-cdc7-4096-8da8-7dbf3ae29735",
        "fields": {
            "title": "Python Cookbook: Recipes for Mastering Python",
            "author": "Isha",
            "price": "25.00",
            "date_publication": "2022-11-15",
            "cover": "covers/PythonCookbook.jpg"
        }
    },
    {
        "model": "books.book",
        "pk": "a7c658c5-fc48-453c-b629-e381f9fada0a",
        "fields": {
            "title": "Django Unleashed",
            "author": "Isha",
            "price": "20.00",
            "date_publication": "2022-11-15",
            "cover": "covers/DjangoUnleashed.jpg"
        }
    },
    {
        "model": "books.book",
        "pk": "f8bbb342-0017-492e-8290-c894a6409666",
        "fields": {
            "title": "Lightweight Django",
            "author": "Isha",
            "price": "22.00",
            "date_publication": "2022-11-15",
            "cover": "covers/Lightweight.jpg"
        }
    }
]